PassengerId,UserEmail,UserPassword
P1,bobdavis1@mail.com,passBD1word
P2,charliemiller2@mail.com,passCM2word
P3,johnmiller3@mail.com,passJM3word
P4,fionagarcia4@mail.com,passFG4word
P5,bobgarcia5@mail.com,passBG5word
P6,bobwilliams6@mail.com,passBW6word
P7,dianawilliams7@mail.com,passDW7word
P8,alicewilliams8@mail.com,passAW8word
P9,alicedavis9@mail.com,passAD9word
P10,bobmiller10@mail.com,passBM10word
P11,dianasmith11@mail.com,passDS11word
P12,janedavis12@mail.com,passJD12word
P13,janegarcia13@mail.com,passJG13word
P14,bobwilliams14@mail.com,passBW14word
P15,alicebrown15@mail.com,passAB15word
P16,fionabrown16@mail.com,passFB16word
P17,dianasmith17@mail.com,passDS17word
P18,johnjohnson18@mail.com,passJJ18word
P19,alicemiller19@mail.com,passAM19word
P20,johnsmith20@mail.com,passJS20word
P21,fionawilliams21@mail.com,passFW21word
P22,johnjones22@mail.com,passJJ22word
P23,bobjohnson23@mail.com,passBJ23word
P24,edwardsmith24@mail.com,passES24word
P25,johnsmith25@mail.com,passJS25word
P26,edwardmiller26@mail.com,passEM26word
P27,johnsmith27@mail.com,passJS27word
P28,alicejohnson28@mail.com,passAJ28word
P29,bobsmith29@mail.com,passBS29word
P30,bobjones30@mail.com,passBJ30word
P31,johnsmith31@mail.com,passJS31word
P32,fionajohnson32@mail.com,passFJ32word
P33,fionadavis33@mail.com,passFD33word
P34,charliegarcia34@mail.com,passCG34word
P35,johnmiller35@mail.com,passJM35word
P36,dianawilliams36@mail.com,passDW36word
P37,janedavis37@mail.com,passJD37word
P38,fionadavis38@mail.com,passFD38word
P39,johnsmith39@mail.com,passJS39word
P40,charliegarcia40@mail.com,passCG40word
P41,alicedavis41@mail.com,passAD41word
P42,bobmiller42@mail.com,passBM42word
P43,fionajohnson43@mail.com,passFJ43word
P44,fionamiller44@mail.com,passFM44word
P45,alicewilliams45@mail.com,passAW45word
P46,charliemiller46@mail.com,passCM46word
P47,fionajohnson47@mail.com,passFJ47word
P48,fionawilliams48@mail.com,passFW48word
P49,dianagarcia49@mail.com,passDG49word
P50,bobjohnson50@mail.com,passBJ50word
P51,fionagarcia51@mail.com,passFG51word
P52,charliegarcia52@mail.com,passCG52word
P53,johnmiller53@mail.com,passJM53word
P54,charliedavis54@mail.com,passCD54word
P55,johnjones55@mail.com,passJJ55word
P56,janebrown56@mail.com,passJB56word
P57,dianajones57@mail.com,passDJ57word
P58,janewilliams58@mail.com,passJW58word
P59,charliegarcia59@mail.com,passCG59word
P60,janegarcia60@mail.com,passJG60word
P61,dianabrown61@mail.com,passDB61word
P62,edwardmiller62@mail.com,passEM62word
P63,edwardmiller63@mail.com,passEM63word
P64,charliemiller64@mail.com,passCM64word
P65,alicegarcia65@mail.com,passAG65word
P66,alicejones66@mail.com,passAJ66word
P67,dianasmith67@mail.com,passDS67word
P68,dianajohnson68@mail.com,passDJ68word
P69,bobsmith69@mail.com,passBS69word
P70,edwardwilliams70@mail.com,passEW70word
P71,edwardwilliams71@mail.com,passEW71word
P72,alicemiller72@mail.com,passAM72word
P73,charliebrown73@mail.com,passCB73word
P74,janegarcia74@mail.com,passJG74word
P75,charliegarcia75@mail.com,passCG75word
P76,janesmith76@mail.com,passJS76word
P77,alicemiller77@mail.com,passAM77word
P78,fionawilliams78@mail.com,passFW78word
P79,janewilliams79@mail.com,passJW79word
P80,charliewilliams80@mail.com,passCW80word
P81,alicemiller81@mail.com,passAM81word
P82,dianabrown82@mail.com,passDB82word
P83,janesmith83@mail.com,passJS83word
P84,alicedavis84@mail.com,passAD84word
P85,charliegarcia85@mail.com,passCG85word
P86,bobgarcia86@mail.com,passBG86word
P87,bobgarcia87@mail.com,passBG87word
P88,dianabrown88@mail.com,passDB88word
P89,dianadavis89@mail.com,passDD89word
P90,charliegarcia90@mail.com,passCG90word
P91,edwardjohnson91@mail.com,passEJ91word
P92,edwarddavis92@mail.com,passED92word
P93,fionasmith93@mail.com,passFS93word
P94,fionadavis94@mail.com,passFD94word
P95,edwardwilliams95@mail.com,passEW95word
P96,dianawilliams96@mail.com,passDW96word
P97,johnwilliams97@mail.com,passJW97word
P98,charliewilliams98@mail.com,passCW98word
P99,fionajones99@mail.com,passFJ99word
P100,edwardgarcia100@mail.com,passEG100word
P101,bobgarcia101@mail.com,passBG101word
P102,dianadavis102@mail.com,passDD102word
P103,fionawilliams103@mail.com,passFW103word
P104,alicebrown104@mail.com,passAB104word
P105,fionawilliams105@mail.com,passFW105word
P106,johnmiller106@mail.com,passJM106word
P107,alicejohnson107@mail.com,passAJ107word
P108,dianasmith108@mail.com,passDS108word
P109,fionajones109@mail.com,passFJ109word
P110,edwarddavis110@mail.com,passED110word
P111,fionamiller111@mail.com,passFM111word
P112,charliegarcia112@mail.com,passCG112word
P113,janedavis113@mail.com,passJD113word
P114,janemiller114@mail.com,passJM114word
P115,bobsmith115@mail.com,passBS115word
P116,johnmiller116@mail.com,passJM116word
P117,alicemiller117@mail.com,passAM117word
P118,fionajones118@mail.com,passFJ118word
P119,janebrown119@mail.com,passJB119word
P120,bobjones120@mail.com,passBJ120word
P121,fionawilliams121@mail.com,passFW121word
P122,dianajones122@mail.com,passDJ122word
P123,charliegarcia123@mail.com,passCG123word
P124,bobmiller124@mail.com,passBM124word
P125,dianadavis125@mail.com,passDD125word
P126,charliedavis126@mail.com,passCD126word
P127,charliegarcia127@mail.com,passCG127word
P128,janewilliams128@mail.com,passJW128word
P129,charliemiller129@mail.com,passCM129word
P130,alicejones130@mail.com,passAJ130word
P131,janejohnson131@mail.com,passJJ131word
P132,charliewilliams132@mail.com,passCW132word
P133,bobbrown133@mail.com,passBB133word
P134,bobjones134@mail.com,passBJ134word
P135,alicewilliams135@mail.com,passAW135word
P136,janegarcia136@mail.com,passJG136word
P137,johnsmith137@mail.com,passJS137word
P138,charliegarcia138@mail.com,passCG138word
P139,fionasmith139@mail.com,passFS139word
P140,dianabrown140@mail.com,passDB140word
P141,johnsmith141@mail.com,passJS141word
P142,bobmiller142@mail.com,passBM142word
P143,edwardjones143@mail.com,passEJ143word
P144,fionasmith144@mail.com,passFS144word
P145,dianagarcia145@mail.com,passDG145word
P146,janewilliams146@mail.com,passJW146word
P147,janejohnson147@mail.com,passJJ147word
P148,johnjohnson148@mail.com,passJJ148word
P149,johngarcia149@mail.com,passJG149word
P150,johnjones150@mail.com,passJJ150word
P151,alicemiller151@mail.com,passAM151word
P152,edwardjohnson152@mail.com,passEJ152word
P153,janejones153@mail.com,passJJ153word
P154,dianagarcia154@mail.com,passDG154word
P155,johnjones155@mail.com,passJJ155word
P156,bobmiller156@mail.com,passBM156word
P157,janejohnson157@mail.com,passJJ157word
P158,alicemiller158@mail.com,passAM158word
P159,edwardgarcia159@mail.com,passEG159word
P160,edwardbrown160@mail.com,passEB160word
P161,edwarddavis161@mail.com,passED161word
P162,charliejones162@mail.com,passCJ162word
P163,johnjones163@mail.com,passJJ163word
P164,edwarddavis164@mail.com,passED164word
P165,charliewilliams165@mail.com,passCW165word
P166,bobwilliams166@mail.com,passBW166word
P167,janegarcia167@mail.com,passJG167word
P168,johnbrown168@mail.com,passJB168word
P169,johndavis169@mail.com,passJD169word
P170,johnjones170@mail.com,passJJ170word
P171,janedavis171@mail.com,passJD171word
P172,edwarddavis172@mail.com,passED172word
P173,fionajohnson173@mail.com,passFJ173word
P174,charliewilliams174@mail.com,passCW174word
P175,alicegarcia175@mail.com,passAG175word
P176,fionagarcia176@mail.com,passFG176word
P177,dianamiller177@mail.com,passDM177word
P178,bobwilliams178@mail.com,passBW178word
P179,dianagarcia179@mail.com,passDG179word
P180,janedavis180@mail.com,passJD180word
P181,janesmith181@mail.com,passJS181word
P182,fionagarcia182@mail.com,passFG182word
P183,bobdavis183@mail.com,passBD183word
P184,johnjohnson184@mail.com,passJJ184word
P185,bobbrown185@mail.com,passBB185word
P186,alicebrown186@mail.com,passAB186word
P187,charliejohnson187@mail.com,passCJ187word
P188,bobsmith188@mail.com,passBS188word
P189,edwardgarcia189@mail.com,passEG189word
P190,dianamiller190@mail.com,passDM190word
P191,dianajones191@mail.com,passDJ191word
P192,johnjohnson192@mail.com,passJJ192word
P193,alicewilliams193@mail.com,passAW193word
P194,dianasmith194@mail.com,passDS194word
P195,fionagarcia195@mail.com,passFG195word
P196,johnbrown196@mail.com,passJB196word
P197,dianajohnson197@mail.com,passDJ197word
P198,bobsmith198@mail.com,passBS198word
P199,johnwilliams199@mail.com,passJW199word
P200,johnwilliams200@mail.com,passJW200word
P201,dianabrown201@mail.com,passDB201word
P202,johnbrown202@mail.com,passJB202word
P203,dianagarcia203@mail.com,passDG203word
P204,johndavis204@mail.com,passJD204word
P205,edwardbrown205@mail.com,passEB205word
P206,alicewilliams206@mail.com,passAW206word
P207,alicemiller207@mail.com,passAM207word
P208,fionamiller208@mail.com,passFM208word
P209,charliejohnson209@mail.com,passCJ209word
P210,johndavis210@mail.com,passJD210word
P211,alicebrown211@mail.com,passAB211word
P212,johnjones212@mail.com,passJJ212word
P213,alicejones213@mail.com,passAJ213word
P214,johnjones214@mail.com,passJJ214word
P215,charliegarcia215@mail.com,passCG215word
P216,alicemiller216@mail.com,passAM216word
P217,johnjones217@mail.com,passJJ217word
P218,johnwilliams218@mail.com,passJW218word
P219,edwardwilliams219@mail.com,passEW219word
P220,janejohnson220@mail.com,passJJ220word
P221,edwardjohnson221@mail.com,passEJ221word
P222,johnmiller222@mail.com,passJM222word
P223,dianabrown223@mail.com,passDB223word
P224,janesmith224@mail.com,passJS224word
P225,bobsmith225@mail.com,passBS225word
P226,janebrown226@mail.com,passJB226word
P227,charliewilliams227@mail.com,passCW227word
P228,fionawilliams228@mail.com,passFW228word
P229,edwardmiller229@mail.com,passEM229word
P230,alicejones230@mail.com,passAJ230word
P231,fionabrown231@mail.com,passFB231word
P232,johnwilliams232@mail.com,passJW232word
P233,janejones233@mail.com,passJJ233word
P234,dianajones234@mail.com,passDJ234word
P235,dianajohnson235@mail.com,passDJ235word
P236,dianajones236@mail.com,passDJ236word
P237,edwardgarcia237@mail.com,passEG237word
P238,dianabrown238@mail.com,passDB238word
P239,johnjones239@mail.com,passJJ239word
P240,edwardbrown240@mail.com,passEB240word
P241,fionadavis241@mail.com,passFD241word
P242,alicejones242@mail.com,passAJ242word
P243,johnwilliams243@mail.com,passJW243word
P244,dianajones244@mail.com,passDJ244word
P245,fionawilliams245@mail.com,passFW245word
P246,johnbrown246@mail.com,passJB246word
P247,charliejohnson247@mail.com,passCJ247word
P248,bobjohnson248@mail.com,passBJ248word
P249,bobbrown249@mail.com,passBB249word
P250,janesmith250@mail.com,passJS250word
P251,bobdavis251@mail.com,passBD251word
P252,bobjones252@mail.com,passBJ252word
P253,charliewilliams253@mail.com,passCW253word
P254,dianajones254@mail.com,passDJ254word
P255,johnbrown255@mail.com,passJB255word
P256,charliemiller256@mail.com,passCM256word
P257,janejohnson257@mail.com,passJJ257word
P258,charliegarcia258@mail.com,passCG258word
P259,bobmiller259@mail.com,passBM259word
P260,edwardsmith260@mail.com,passES260word
P261,fionasmith261@mail.com,passFS261word
P262,janedavis262@mail.com,passJD262word
P263,charliejohnson263@mail.com,passCJ263word
P264,bobmiller264@mail.com,passBM264word
P265,charliebrown265@mail.com,passCB265word
P266,edwardgarcia266@mail.com,passEG266word
P267,charliejones267@mail.com,passCJ267word
P268,fionamiller268@mail.com,passFM268word
P269,fionawilliams269@mail.com,passFW269word
P270,alicejohnson270@mail.com,passAJ270word
P271,johnjohnson271@mail.com,passJJ271word
P272,bobgarcia272@mail.com,passBG272word
P273,charliebrown273@mail.com,passCB273word
P274,janewilliams274@mail.com,passJW274word
P275,janegarcia275@mail.com,passJG275word
P276,fionawilliams276@mail.com,passFW276word
P277,alicedavis277@mail.com,passAD277word
P278,johnsmith278@mail.com,passJS278word
P279,charliesmith279@mail.com,passCS279word
P280,johnwilliams280@mail.com,passJW280word
P281,charliebrown281@mail.com,passCB281word
P282,dianabrown282@mail.com,passDB282word
P283,bobgarcia283@mail.com,passBG283word
P284,edwardwilliams284@mail.com,passEW284word
P285,edwardmiller285@mail.com,passEM285word
P286,bobgarcia286@mail.com,passBG286word
P287,edwardbrown287@mail.com,passEB287word
P288,alicegarcia288@mail.com,passAG288word
P289,fionamiller289@mail.com,passFM289word
P290,charliegarcia290@mail.com,passCG290word
P291,bobjones291@mail.com,passBJ291word
P292,charliedavis292@mail.com,passCD292word
P293,janebrown293@mail.com,passJB293word
P294,charliebrown294@mail.com,passCB294word
P295,alicegarcia295@mail.com,passAG295word
P296,charliedavis296@mail.com,passCD296word
P297,bobgarcia297@mail.com,passBG297word
P298,fionawilliams298@mail.com,passFW298word
P299,charliedavis299@mail.com,passCD299word
P300,edwardmiller300@mail.com,passEM300word
P301,fionabrown301@mail.com,passFB301word
P302,dianajones302@mail.com,passDJ302word
P303,edwarddavis303@mail.com,passED303word
P304,charliegarcia304@mail.com,passCG304word
P305,johnjones305@mail.com,passJJ305word
P306,charliedavis306@mail.com,passCD306word
P307,johnwilliams307@mail.com,passJW307word
P308,bobbrown308@mail.com,passBB308word
P309,edwarddavis309@mail.com,passED309word
P310,dianabrown310@mail.com,passDB310word
P311,edwarddavis311@mail.com,passED311word
P312,dianabrown312@mail.com,passDB312word
P313,bobsmith313@mail.com,passBS313word
P314,janedavis314@mail.com,passJD314word
P315,janebrown315@mail.com,passJB315word
P316,alicesmith316@mail.com,passAS316word
P317,alicejones317@mail.com,passAJ317word
P318,charliesmith318@mail.com,passCS318word
P319,johnwilliams319@mail.com,passJW319word
P320,johnbrown320@mail.com,passJB320word
P321,dianadavis321@mail.com,passDD321word
P322,dianawilliams322@mail.com,passDW322word
P323,bobsmith323@mail.com,passBS323word
P324,janewilliams324@mail.com,passJW324word
P325,rachelvictoria325@mail.com,passRV325word
P326,victoriabrown326@mail.com,passVB326word
P327,alicesmith327@mail.com,passAS327word
P328,bobmiller328@mail.com,passBM328word
P329,charliegarcia329@mail.com,passCG329word
P330,fionajones330@mail.com,passFJ330word
P331,janemiller331@mail.com,passJM331word
P332,edwardmiller332@mail.com,passEM332word
P333,janesmith333@mail.com,passJS333word
P334,dianasmith334@mail.com,passDS334word
P335,dianabrown335@mail.com,passDB335word
P336,dianadavis336@mail.com,passDD336word
P337,johnjohnson337@mail.com,passJJ337word
P338,charliejohnson338@mail.com,passCJ338word
P339,charliejones339@mail.com,passCJ339word
P340,janebrown340@mail.com,passJB340word
P341,bobbrown341@mail.com,passBB341word
P342,charliebrown342@mail.com,passCB342word
P343,fionajohnson343@mail.com,passFJ343word
P344,charliebrown344@mail.com,passCB344word
P345,edwardjones345@mail.com,passEJ345word
P346,janegarcia346@mail.com,passJG346word
P347,dianadavis347@mail.com,passDD347word
P348,fionajohnson348@mail.com,passFJ348word
P349,dianagarcia349@mail.com,passDG349word
P350,dianasmith350@mail.com,passDS350word
P351,bobsmith351@mail.com,passBS351word
P352,edwardbrown352@mail.com,passEB352word
P353,johnbrown353@mail.com,passJB353word
P354,johnbrown354@mail.com,passJB354word
P355,dianajohnson355@mail.com,passDJ355word
P356,bobgarcia356@mail.com,passBG356word
P357,bobdavis357@mail.com,passBD357word
P358,dianajohnson358@mail.com,passDJ358word
P359,dianabrown359@mail.com,passDB359word
P360,dianasmith360@mail.com,passDS360word
P361,dianadavis361@mail.com,passDD361word
P362,janemiller362@mail.com,passJM362word
P363,bobwilliams363@mail.com,passBW363word
P364,dianagarcia364@mail.com,passDG364word
P365,alicemiller365@mail.com,passAM365word
P366,fionasmith366@mail.com,passFS366word
P367,bobmiller367@mail.com,passBM367word
P368,janedavis368@mail.com,passJD368word
P369,dianabrown369@mail.com,passDB369word
P370,edwardjones370@mail.com,passEJ370word
P371,dianamiller371@mail.com,passDM371word
P372,fionawilliams372@mail.com,passFW372word
P373,charliejones373@mail.com,passCJ373word
P374,bobdavis374@mail.com,passBD374word
P375,alicejohnson375@mail.com,passAJ375word
P376,fionasmith376@mail.com,passFS376word
P377,bobjohnson377@mail.com,passBJ377word
P378,fionajones378@mail.com,passFJ378word
P379,alicesmith379@mail.com,passAS379word
P380,johnsmith380@mail.com,passJS380word
P381,johnjones381@mail.com,passJJ381word
P382,dianamiller382@mail.com,passDM382word
P383,edwardsmith383@mail.com,passES383word
P384,janejohnson384@mail.com,passJJ384word
P385,johnsmith385@mail.com,passJS385word
P386,janesmith386@mail.com,passJS386word
P387,fionagarcia387@mail.com,passFG387word
P388,johnjones388@mail.com,passJJ388word
P389,edwardsmith389@mail.com,passES389word
P390,johnjohnson390@mail.com,passJJ390word
P391,johnsmith391@mail.com,passJS391word
P392,charliesmith392@mail.com,passCS392word
P393,janebrown393@mail.com,passJB393word
P394,bobbrown394@mail.com,passBB394word
P395,johnbrown395@mail.com,passJB395word
P396,edwardmiller396@mail.com,passEM396word
P397,edwardmiller397@mail.com,passEM397word
P398,fionamiller398@mail.com,passFM398word
P399,johnjohnson399@mail.com,passJJ399word
P400,fionawilliams400@mail.com,passFW400word
P401,edwardjohnson401@mail.com,passEJ401word
P402,dianajohnson402@mail.com,passDJ402word
P403,johnwilliams403@mail.com,passJW403word
P404,janesmith404@mail.com,passJS404word
P405,charliebrown405@mail.com,passCB405word
P406,janedavis406@mail.com,passJD406word
P407,alicemiller407@mail.com,passAM407word
P408,alicebrown408@mail.com,passAB408word
P409,bobjones409@mail.com,passBJ409word
P410,johnjones410@mail.com,passJJ410word
P411,fionamiller411@mail.com,passFM411word
P412,johnsmith412@mail.com,passJS412word
P413,alicemiller413@mail.com,passAM413word
P414,charliewilliams414@mail.com,passCW414word
P415,fionajones415@mail.com,passFJ415word
P416,edwardbrown416@mail.com,passEB416word
P417,bobjohnson417@mail.com,passBJ417word
P418,janejones418@mail.com,passJJ418word
P419,johngarcia419@mail.com,passJG419word
P420,dianajones420@mail.com,passDJ420word
P421,johngarcia421@mail.com,passJG421word
P422,fionajones422@mail.com,passFJ422word
P423,charliejohnson423@mail.com,passCJ423word
P424,alicegarcia424@mail.com,passAG424word
P425,alicejones425@mail.com,passAJ425word
P426,dianamiller426@mail.com,passDM426word
P427,bobmiller427@mail.com,passBM427word
P428,charliesmith428@mail.com,passCS428word
P429,johngarcia429@mail.com,passJG429word
P430,alicebrown430@mail.com,passAB430word
P431,bobjones431@mail.com,passBJ431word
P432,dianadavis432@mail.com,passDD432word
P433,alicejones433@mail.com,passAJ433word
P434,edwardjohnson434@mail.com,passEJ434word
P435,fionajones435@mail.com,passFJ435word
P436,alicejohnson436@mail.com,passAJ436word
P437,bobmiller437@mail.com,passBM437word
P438,dianawilliams438@mail.com,passDW438word
P439,dianajones439@mail.com,passDJ439word
P440,alicejohnson440@mail.com,passAJ440word
P441,janegarcia441@mail.com,passJG441word
P442,bobgarcia442@mail.com,passBG442word
P443,charliemiller443@mail.com,passCM443word
P444,charliejones444@mail.com,passCJ444word
P445,fionabrown445@mail.com,passFB445word
P446,alicejohnson446@mail.com,passAJ446word
P447,janemiller447@mail.com,passJM447word
P448,fionamiller448@mail.com,passFM448word
P449,johngarcia449@mail.com,passJG449word
P450,charliedavis450@mail.com,passCD450word
P451,charliejones451@mail.com,passCJ451word
P452,alicegarcia452@mail.com,passAG452word
P453,dianagarcia453@mail.com,passDG453word
P454,bobwilliams454@mail.com,passBW454word
P455,janesmith455@mail.com,passJS455word
P456,charliejones456@mail.com,passCJ456word
P457,charliegarcia457@mail.com,passCG457word
P458,johnwilliams458@mail.com,passJW458word
P459,johnjohnson459@mail.com,passJJ459word
P460,dianadavis460@mail.com,passDD460word
P461,janewilliams461@mail.com,passJW461word
P462,edwardwilliams462@mail.com,passEW462word
P463,bobsmith463@mail.com,passBS463word
P464,johngarcia464@mail.com,passJG464word
P465,johnjohnson465@mail.com,passJJ465word
P466,fionajones466@mail.com,passFJ466word
P467,johndavis467@mail.com,passJD467word
P468,edwardbrown468@mail.com,passEB468word
P469,dianawilliams469@mail.com,passDW469word
P470,janesmith470@mail.com,passJS470word
P471,fionabrown471@mail.com,passFB471word
P472,johngarcia472@mail.com,passJG472word
P473,fionajones473@mail.com,passFJ473word
P474,johnjones474@mail.com,passJJ474word
P475,charliemiller475@mail.com,passCM475word
P476,johnjones476@mail.com,passJJ476word
P477,dianamiller477@mail.com,passDM477word
P478,fionajohnson478@mail.com,passFJ478word
P479,johndavis479@mail.com,passJD479word
P480,johnjohnson480@mail.com,passJJ480word
P481,janedavis481@mail.com,passJD481word
P482,fionawilliams482@mail.com,passFW482word
P483,bobsmith483@mail.com,passBS483word
P484,dianajones484@mail.com,passDJ484word
P485,janebrown485@mail.com,passJB485word
P486,fionasmith486@mail.com,passFS486word
P487,edwardbrown487@mail.com,passEB487word
P488,charliebrown488@mail.com,passCB488word
P489,fionagarcia489@mail.com,passFG489word
P490,edwarddavis490@mail.com,passED490word
P491,edwardbrown491@mail.com,passEB491word
P492,janesmith492@mail.com,passJS492word
P493,dianamiller493@mail.com,passDM493word
P494,fionawilliams494@mail.com,passFW494word
P495,fionadavis495@mail.com,passFD495word
P496,charliemiller496@mail.com,passCM496word
P497,fionajohnson497@mail.com,passFJ497word
P498,charliegarcia498@mail.com,passCG498word
P499,bobjohnson499@mail.com,passBJ499word
P500,dianabrown500@mail.com,passDB500word
P501,bobgarcia501@mail.com,passBG501word
P502,bobdavis502@mail.com,passBD502word
P503,charliejones503@mail.com,passCJ503word
P504,fionagarcia504@mail.com,passFG504word
P505,edwardbrown505@mail.com,passEB505word
P506,fionasmith506@mail.com,passFS506word
P507,dianajohnson507@mail.com,passDJ507word
P508,edwardwilliams508@mail.com,passEW508word
P509,bobdavis509@mail.com,passBD509word
P510,alicemiller510@mail.com,passAM510word
P511,charliemiller511@mail.com,passCM511word
P512,edwardgarcia512@mail.com,passEG512word
P513,janejohnson513@mail.com,passJJ513word
P514,janegarcia514@mail.com,passJG514word
P515,janebrown515@mail.com,passJB515word
P516,bobbrown516@mail.com,passBB516word
P517,dianamiller517@mail.com,passDM517word
P518,fionabrown518@mail.com,passFB518word
P519,edwardmiller519@mail.com,passEM519word
P520,alicemiller520@mail.com,passAM520word
P521,charliemiller521@mail.com,passCM521word
P522,charliedavis522@mail.com,passCD522word
P523,dianagarcia523@mail.com,passDG523word
P524,edwardsmith524@mail.com,passES524word
P525,edwardjones525@mail.com,passEJ525word
P526,alicemiller526@mail.com,passAM526word
P527,fionabrown527@mail.com,passFB527word
P528,edwarddavis528@mail.com,passED528word
P529,bobmiller529@mail.com,passBM529word
P530,charliejones530@mail.com,passCJ530word
P531,bobsmith531@mail.com,passBS531word
P532,dianajohnson532@mail.com,passDJ532word
P533,alicebrown533@mail.com,passAB533word
P534,alicewilliams534@mail.com,passAW534word
P535,fionasmith535@mail.com,passFS535word
P536,fionagarcia536@mail.com,passFG536word
P537,bobsmith537@mail.com,passBS537word
P538,johndavis538@mail.com,passJD538word
P539,bobdavis539@mail.com,passBD539word
P540,bobwilliams540@mail.com,passBW540word
P541,edwardjones541@mail.com,passEJ541word
P542,fionabrown542@mail.com,passFB542word
P543,fionagarcia543@mail.com,passFG543word
P544,bobjohnson544@mail.com,passBJ544word
P545,janesmith545@mail.com,passJS545word
P546,fionasmith546@mail.com,passFS546word
P547,dianamiller547@mail.com,passDM547word
P548,bobwilliams548@mail.com,passBW548word
P549,janewilliams549@mail.com,passJW549word
P550,janedavis550@mail.com,passJD550word
P551,dianawilliams551@mail.com,passDW551word
P552,fionawilliams552@mail.com,passFW552word
P553,edwardbrown553@mail.com,passEB553word
P554,bobmiller554@mail.com,passBM554word
P555,charliegarcia555@mail.com,passCG555word
P556,charliemiller556@mail.com,passCM556word
P557,fionabrown557@mail.com,passFB557word
P558,fionasmith558@mail.com,passFS558word
P559,charliebrown559@mail.com,passCB559word
P560,bobdavis560@mail.com,passBD560word
P561,janejohnson561@mail.com,passJJ561word
P562,janemiller562@mail.com,passJM562word
P563,johnbrown563@mail.com,passJB563word
P564,charliedavis564@mail.com,passCD564word
P565,edwarddavis565@mail.com,passED565word
P566,fionawilliams566@mail.com,passFW566word
P567,janebrown567@mail.com,passJB567word
P568,charliejohnson568@mail.com,passCJ568word
P569,johnwilliams569@mail.com,passJW569word
P570,fionasmith570@mail.com,passFS570word
P571,charliejohnson571@mail.com,passCJ571word
P572,bobbrown572@mail.com,passBB572word
P573,dianamiller573@mail.com,passDM573word
P574,janejohnson574@mail.com,passJJ574word
P575,johnwilliams575@mail.com,passJW575word
P576,edwardjohnson576@mail.com,passEJ576word
P577,dianadavis577@mail.com,passDD577word
P578,alicedavis578@mail.com,passAD578word
P579,johnjones579@mail.com,passJJ579word
P580,fionabrown580@mail.com,passFB580word
P581,edwardsmith581@mail.com,passES581word
P582,dianadavis582@mail.com,passDD582word
P583,dianajones583@mail.com,passDJ583word
P584,janejohnson584@mail.com,passJJ584word
P585,dianajohnson585@mail.com,passDJ585word
P586,edwardmiller586@mail.com,passEM586word
P587,johnjones587@mail.com,passJJ587word
P588,johnwilliams588@mail.com,passJW588word
P589,fionawilliams589@mail.com,passFW589word
P590,bobdavis590@mail.com,passBD590word
P591,charliejohnson591@mail.com,passCJ591word
P592,fionajohnson592@mail.com,passFJ592word
P593,johnjones593@mail.com,passJJ593word
P594,fionadavis594@mail.com,passFD594word
P595,janejones595@mail.com,passJJ595word
P596,alicebrown596@mail.com,passAB596word
P597,johnsmith597@mail.com,passJS597word
P598,janesmith598@mail.com,passJS598word
P599,fionabrown599@mail.com,passFB599word
P600,janejohnson600@mail.com,passJJ600word
P601,alicemiller601@mail.com,passAM601word
P602,johnbrown602@mail.com,passJB602word
P603,johnsmith603@mail.com,passJS603word
P604,edwardjones604@mail.com,passEJ604word
P605,edwarddavis605@mail.com,passED605word
P606,charliejones606@mail.com,passCJ606word
P607,alicedavis607@mail.com,passAD607word
P608,edwardjohnson608@mail.com,passEJ608word
P609,alicewilliams609@mail.com,passAW609word
P610,charliejones610@mail.com,passCJ610word
P611,johnsmith611@mail.com,passJS611word
P612,johnjohnson612@mail.com,passJJ612word
P613,alicegarcia613@mail.com,passAG613word
P614,bobsmith614@mail.com,passBS614word
P615,charliesmith615@mail.com,passCS615word
P616,fionajones616@mail.com,passFJ616word
P617,edwardgarcia617@mail.com,passEG617word
P618,dianagarcia618@mail.com,passDG618word
P619,bobjones619@mail.com,passBJ619word
P620,dianadavis620@mail.com,passDD620word
P621,johnjohnson621@mail.com,passJJ621word
P622,edwardwilliams622@mail.com,passEW622word
P623,charliewilliams623@mail.com,passCW623word
P624,janejohnson624@mail.com,passJJ624word
P625,johnwilliams625@mail.com,passJW625word
P626,janebrown626@mail.com,passJB626word
P627,bobjones627@mail.com,passBJ627word
P628,charliewilliams628@mail.com,passCW628word
P629,fionawilliams629@mail.com,passFW629word
P630,edwardwilliams630@mail.com,passEW630word
P631,fionadavis631@mail.com,passFD631word
P632,alicewilliams632@mail.com,passAW632word
P633,johnwilliams633@mail.com,passJW633word
P634,janebrown634@mail.com,passJB634word
P635,dianasmith635@mail.com,passDS635word
P636,alicejohnson636@mail.com,passAJ636word
P637,fionagarcia637@mail.com,passFG637word
P638,bobgarcia638@mail.com,passBG638word
P639,fionamiller639@mail.com,passFM639word
P640,charliedavis640@mail.com,passCD640word
P641,fionamiller641@mail.com,passFM641word
P642,fionajones642@mail.com,passFJ642word
P643,dianamiller643@mail.com,passDM643word
P644,alicebrown644@mail.com,passAB644word
P645,bobwilliams645@mail.com,passBW645word
P646,charliegarcia646@mail.com,passCG646word
P647,alicemiller647@mail.com,passAM647word
P648,alicemiller648@mail.com,passAM648word
P649,dianajohnson649@mail.com,passDJ649word
P650,bobjones650@mail.com,passBJ650word
P651,charliewilliams651@mail.com,passCW651word
P652,alicedavis652@mail.com,passAD652word
P653,charliedavis653@mail.com,passCD653word
P654,johnbrown654@mail.com,passJB654word
P655,edwardwilliams655@mail.com,passEW655word
P656,fionamiller656@mail.com,passFM656word
P657,edwardjones657@mail.com,passEJ657word
P658,charliegarcia658@mail.com,passCG658word
P659,alicejones659@mail.com,passAJ659word
P660,charliewilliams660@mail.com,passCW660word
P661,bobbrown661@mail.com,passBB661word
P662,janejones662@mail.com,passJJ662word
P663,alicewilliams663@mail.com,passAW663word
P664,janebrown664@mail.com,passJB664word
P665,johnjohnson665@mail.com,passJJ665word
P666,johnjones666@mail.com,passJJ666word
P667,charliejohnson667@mail.com,passCJ667word
P668,johnwilliams668@mail.com,passJW668word
P669,bobwilliams669@mail.com,passBW669word
P670,charliegarcia670@mail.com,passCG670word
P671,janegarcia671@mail.com,passJG671word
P672,dianamiller672@mail.com,passDM672word
P673,alicemiller673@mail.com,passAM673word
P674,charliewilliams674@mail.com,passCW674word
P675,fionawilliams675@mail.com,passFW675word
P676,janegarcia676@mail.com,passJG676word
P677,edwardmiller677@mail.com,passEM677word
P678,alicebrown678@mail.com,passAB678word
P679,bobbrown679@mail.com,passBB679word
P680,dianajohnson680@mail.com,passDJ680word
P681,edwardbrown681@mail.com,passEB681word
P682,fionabrown682@mail.com,passFB682word
P683,janejohnson683@mail.com,passJJ683word
P684,charliejones684@mail.com,passCJ684word
P685,dianamiller685@mail.com,passDM685word
P686,johnmiller686@mail.com,passJM686word
P687,edwardjones687@mail.com,passEJ687word
P688,janedavis688@mail.com,passJD688word
P689,edwardwilliams689@mail.com,passEW689word
P690,alicebrown690@mail.com,passAB690word
P691,dianasmith691@mail.com,passDS691word
P692,janesmith692@mail.com,passJS692word
P693,fionasmith693@mail.com,passFS693word
P694,fionajones694@mail.com,passFJ694word
P695,bobwilliams695@mail.com,passBW695word
P696,edwardjones696@mail.com,passEJ696word
P697,fionajohnson697@mail.com,passFJ697word
P698,fionamiller698@mail.com,passFM698word
P699,fionajohnson699@mail.com,passFJ699word
P700,johnsmith700@mail.com,passJS700word
P701,charliesmith701@mail.com,passCS701word
P702,edwardjohnson702@mail.com,passEJ702word
P703,janejones703@mail.com,passJJ703word
P704,johnwilliams704@mail.com,passJW704word
P705,dianajohnson705@mail.com,passDJ705word
P706,bobbrown706@mail.com,passBB706word
P707,charliebrown707@mail.com,passCB707word
P708,charliemiller708@mail.com,passCM708word
P709,charliesmith709@mail.com,passCS709word
P710,bobbrown710@mail.com,passBB710word
P711,johnjohnson711@mail.com,passJJ711word
P712,edwardwilliams712@mail.com,passEW712word
P713,dianawilliams713@mail.com,passDW713word
P714,bobwilliams714@mail.com,passBW714word
P715,bobmiller715@mail.com,passBM715word
P716,johnsmith716@mail.com,passJS716word
P717,charliejohnson717@mail.com,passCJ717word
P718,dianabrown718@mail.com,passDB718word
P719,alicejones719@mail.com,passAJ719word
P720,janesmith720@mail.com,passJS720word
P721,bobsmith721@mail.com,passBS721word
P722,johnbrown722@mail.com,passJB722word
P723,charliedavis723@mail.com,passCD723word
P724,janesmith724@mail.com,passJS724word
P725,charliegarcia725@mail.com,passCG725word
P726,edwardbrown726@mail.com,passEB726word
P727,janewilliams727@mail.com,passJW727word
P728,bobmiller728@mail.com,passBM728word
P729,johnjones729@mail.com,passJJ729word
P730,fionajohnson730@mail.com,passFJ730word
P731,fionawilliams731@mail.com,passFW731word
P732,bobmiller732@mail.com,passBM732word
P733,charliebrown733@mail.com,passCB733word
P734,bobgarcia734@mail.com,passBG734word
P735,fionadavis735@mail.com,passFD735word
P736,alicewilliams736@mail.com,passAW736word
P737,charliejones737@mail.com,passCJ737word
P738,bobsmith738@mail.com,passBS738word
P739,bobdavis739@mail.com,passBD739word
P740,alicejohnson740@mail.com,passAJ740word
P741,dianasmith741@mail.com,passDS741word
P742,dianadavis742@mail.com,passDD742word
P743,janejohnson743@mail.com,passJJ743word
P744,janemiller744@mail.com,passJM744word
P745,johngarcia745@mail.com,passJG745word
P746,janejohnson746@mail.com,passJJ746word
P747,charliesmith747@mail.com,passCS747word
P748,janejohnson748@mail.com,passJJ748word
P749,johndavis749@mail.com,passJD749word
P750,bobsmith750@mail.com,passBS750word
P751,bobbrown751@mail.com,passBB751word
P752,johnjohnson752@mail.com,passJJ752word
P753,edwardgarcia753@mail.com,passEG753word
P754,charliejohnson754@mail.com,passCJ754word
P755,dianasmith755@mail.com,passDS755word
P756,bobmiller756@mail.com,passBM756word
P757,fionabrown757@mail.com,passFB757word
P758,edwardbrown758@mail.com,passEB758word
P759,charliemiller759@mail.com,passCM759word
P760,janedavis760@mail.com,passJD760word
P761,dianadavis761@mail.com,passDD761word
P762,alicebrown762@mail.com,passAB762word
P763,fionasmith763@mail.com,passFS763word
P764,charliegarcia764@mail.com,passCG764word
P765,bobbrown765@mail.com,passBB765word
P766,janedavis766@mail.com,passJD766word
P767,dianadavis767@mail.com,passDD767word
P768,dianamiller768@mail.com,passDM768word
P769,bobmiller769@mail.com,passBM769word
P770,johnmiller770@mail.com,passJM770word
P771,charliebrown771@mail.com,passCB771word
P772,alicebrown772@mail.com,passAB772word
P773,edwardwilliams773@mail.com,passEW773word
P774,bobwilliams774@mail.com,passBW774word
P775,johnsmith775@mail.com,passJS775word
P776,janejones776@mail.com,passJJ776word
P777,dianasmith777@mail.com,passDS777word
P778,janemiller778@mail.com,passJM778word
P779,bobjohnson779@mail.com,passBJ779word
P780,johndavis780@mail.com,passJD780word
P781,alicebrown781@mail.com,passAB781word
P782,dianajohnson782@mail.com,passDJ782word
P783,edwardwilliams783@mail.com,passEW783word
P784,edwardbrown784@mail.com,passEB784word
P785,edwardjohnson785@mail.com,passEJ785word
P786,fionadavis786@mail.com,passFD786word
P787,johnsmith787@mail.com,passJS787word
P788,janegarcia788@mail.com,passJG788word
P789,edwardbrown789@mail.com,passEB789word
P790,bobsmith790@mail.com,passBS790word
P791,bobjones791@mail.com,passBJ791word
P792,johnjohnson792@mail.com,passJJ792word
P793,fionamiller793@mail.com,passFM793word
P794,johnmiller794@mail.com,passJM794word
P795,bobjones795@mail.com,passBJ795word
P796,alicegarcia796@mail.com,passAG796word
P797,alicebrown797@mail.com,passAB797word
P798,fionabrown798@mail.com,passFB798word
P799,edwardjohnson799@mail.com,passEJ799word
P800,alicegarcia800@mail.com,passAG800word
P801,janejones801@mail.com,passJJ801word
P802,janewilliams802@mail.com,passJW802word
P803,fionasmith803@mail.com,passFS803word
P804,edwardjohnson804@mail.com,passEJ804word
P805,johnsmith805@mail.com,passJS805word
P806,janegarcia806@mail.com,passJG806word
P807,dianabrown807@mail.com,passDB807word
P808,alicesmith808@mail.com,passAS808word
P809,alicewilliams809@mail.com,passAW809word
P810,charliesmith810@mail.com,passCS810word
P811,fionamiller811@mail.com,passFM811word
P812,charliegarcia812@mail.com,passCG812word
P813,bobmiller813@mail.com,passBM813word
P814,fionadavis814@mail.com,passFD814word
P815,charliesmith815@mail.com,passCS815word
P816,alicejones816@mail.com,passAJ816word
P817,charliejones817@mail.com,passCJ817word
P818,edwardwilliams818@mail.com,passEW818word
P819,bobjones819@mail.com,passBJ819word
P820,edwardjohnson820@mail.com,passEJ820word
P821,janebrown821@mail.com,passJB821word
P822,fionasmith822@mail.com,passFS822word
P823,edwardjones823@mail.com,passEJ823word
P824,fionajones824@mail.com,passFJ824word
P825,edwardwilliams825@mail.com,passEW825word
P826,johndavis826@mail.com,passJD826word
P827,charliejohnson827@mail.com,passCJ827word
P828,alicemiller828@mail.com,passAM828word
P829,bobmiller829@mail.com,passBM829word
P830,dianajones830@mail.com,passDJ830word
P831,charliemiller831@mail.com,passCM831word
P832,charliejohnson832@mail.com,passCJ832word
P833,charliemiller833@mail.com,passCM833word
P834,dianajohnson834@mail.com,passDJ834word
P835,edwardsmith835@mail.com,passES835word
P836,charliejones836@mail.com,passCJ836word
P837,alicemiller837@mail.com,passAM837word
P838,edwardjones838@mail.com,passEJ838word
P839,edwardbrown839@mail.com,passEB839word
P840,edwardbrown840@mail.com,passEB840word
P841,janebrown841@mail.com,passJB841word
P842,johnsmith842@mail.com,passJS842word
P843,charliejones843@mail.com,passCJ843word
P844,alicewilliams844@mail.com,passAW844word
P845,charliewilliams845@mail.com,passCW845word
P846,janedavis846@mail.com,passJD846word
P847,johnsmith847@mail.com,passJS847word
P848,alicesmith848@mail.com,passAS848word
P849,bobdavis849@mail.com,passBD849word
P850,alicegarcia850@mail.com,passAG850word
P851,charliewilliams851@mail.com,passCW851word
P852,johnjohnson852@mail.com,passJJ852word
P853,dianagarcia853@mail.com,passDG853word
P854,johnsmith854@mail.com,passJS854word
P855,johndavis855@mail.com,passJD855word
P856,charliedavis856@mail.com,passCD856word
P857,edwardwilliams857@mail.com,passEW857word
P858,charliewilliams858@mail.com,passCW858word
P859,charliejones859@mail.com,passCJ859word
P860,fionajohnson860@mail.com,passFJ860word
P861,fionabrown861@mail.com,passFB861word
P862,fionawilliams862@mail.com,passFW862word
P863,fionadavis863@mail.com,passFD863word
P864,edwardwilliams864@mail.com,passEW864word
P865,johnbrown865@mail.com,passJB865word
P866,johnsmith866@mail.com,passJS866word
P867,fionadavis867@mail.com,passFD867word
P868,johnjohnson868@mail.com,passJJ868word
P869,bobjones869@mail.com,passBJ869word
P870,edwarddavis870@mail.com,passED870word
P871,janebrown871@mail.com,passJB871word
P872,alicedavis872@mail.com,passAD872word
P873,johnsmith873@mail.com,passJS873word
P874,dianagarcia874@mail.com,passDG874word
P875,dianajones875@mail.com,passDJ875word
P876,charliesmith876@mail.com,passCS876word
P877,charliejones877@mail.com,passCJ877word
P878,edwardmiller878@mail.com,passEM878word
P879,charliejohnson879@mail.com,passCJ879word
P880,edwardwilliams880@mail.com,passEW880word
P881,fionasmith881@mail.com,passFS881word
P882,bobjones882@mail.com,passBJ882word
P883,janejohnson883@mail.com,passJJ883word
P884,fionagarcia884@mail.com,passFG884word
P885,edwardbrown885@mail.com,passEB885word
P886,dianabrown886@mail.com,passDB886word
P887,fionamiller887@mail.com,passFM887word
P888,alicejones888@mail.com,passAJ888word
P889,alicewilliams889@mail.com,passAW889word
P890,johnjones890@mail.com,passJJ890word
P891,edwardsmith891@mail.com,passES891word
P892,charliesmith892@mail.com,passCS892word
P893,johnjohnson893@mail.com,passJJ893word
P894,bobsmith894@mail.com,passBS894word
P895,edwardbrown895@mail.com,passEB895word
P896,janejones896@mail.com,passJJ896word
P897,bobjones897@mail.com,passBJ897word
P898,fionasmith898@mail.com,passFS898word
P899,bobgarcia899@mail.com,passBG899word
P900,dianawilliams900@mail.com,passDW900word
P901,dianadavis901@mail.com,passDD901word
P902,alicebrown902@mail.com,passAB902word
P903,johnjones903@mail.com,passJJ903word
P904,dianajohnson904@mail.com,passDJ904word
P905,janesmith905@mail.com,passJS905word
P906,dianagarcia906@mail.com,passDG906word
P907,janebrown907@mail.com,passJB907word
P908,charliedavis908@mail.com,passCD908word
P909,bobdavis909@mail.com,passBD909word
P910,alicejones910@mail.com,passAJ910word
P911,edwardbrown911@mail.com,passEB911word
P912,johnwilliams912@mail.com,passJW912word
P913,charliewilliams913@mail.com,passCW913word
P914,dianadavis914@mail.com,passDD914word
P915,fionabrown915@mail.com,passFB915word
P916,dianasmith916@mail.com,passDS916word
P917,dianajones917@mail.com,passDJ917word
P918,janegarcia918@mail.com,passJG918word
P919,alicedavis919@mail.com,passAD919word
P920,janemiller920@mail.com,passJM920word
P921,dianasmith921@mail.com,passDS921word
P922,alicemiller922@mail.com,passAM922word
P923,edwardsmith923@mail.com,passES923word
P924,charliejohnson924@mail.com,passCJ924word
P925,edwardmiller925@mail.com,passEM925word
P926,dianasmith926@mail.com,passDS926word
P927,edwardjones927@mail.com,passEJ927word
P928,alicegarcia928@mail.com,passAG928word
P929,fionabrown929@mail.com,passFB929word
P930,charliejones930@mail.com,passCJ930word
P931,johnwilliams931@mail.com,passJW931word
P932,edwarddavis932@mail.com,passED932word
P933,dianawilliams933@mail.com,passDW933word
P934,dianajones934@mail.com,passDJ934word
P935,dianajohnson935@mail.com,passDJ935word
P936,alicejones936@mail.com,passAJ936word
P937,janegarcia937@mail.com,passJG937word
P938,edwardjones938@mail.com,passEJ938word
P939,janemiller939@mail.com,passJM939word
P940,alicegarcia940@mail.com,passAG940word
P941,dianabrown941@mail.com,passDB941word
P942,fionagarcia942@mail.com,passFG942word
P943,bobjones943@mail.com,passBJ943word
P944,dianamiller944@mail.com,passDM944word
P945,johnbrown945@mail.com,passJB945word
P946,fionawilliams946@mail.com,passFW946word
P947,bobsmith947@mail.com,passBS947word
P948,bobmiller948@mail.com,passBM948word
P949,charliejones949@mail.com,passCJ949word
P950,janedavis950@mail.com,passJD950word
P951,janesmith951@mail.com,passJS951word
P952,dianabrown952@mail.com,passDB952word
P953,charliemiller953@mail.com,passCM953word
P954,alicewilliams954@mail.com,passAW954word
P955,janedavis955@mail.com,passJD955word
P956,edwardjones956@mail.com,passEJ956word
P957,charliemiller957@mail.com,passCM957word
P958,janebrown958@mail.com,passJB958word
P959,alicedavis959@mail.com,passAD959word
P960,charliewilliams960@mail.com,passCW960word
P961,edwardgarcia961@mail.com,passEG961word
P962,alicejohnson962@mail.com,passAJ962word
P963,edwarddavis963@mail.com,passED963word
P964,johnbrown964@mail.com,passJB964word
P965,bobmiller965@mail.com,passBM965word
P966,charliewilliams966@mail.com,passCW966word
P967,johndavis967@mail.com,passJD967word
P968,johnjohnson968@mail.com,passJJ968word
P969,dianawilliams969@mail.com,passDW969word
P970,alicesmith970@mail.com,passAS970word
P971,johnwilliams971@mail.com,passJW971word
P972,janegarcia972@mail.com,passJG972word
P973,dianamiller973@mail.com,passDM973word
P974,charliewilliams974@mail.com,passCW974word
P975,johnjohnson975@mail.com,passJJ975word
P976,dianawilliams976@mail.com,passDW976word
P977,alicebrown977@mail.com,passAB977word
P978,johnwilliams978@mail.com,passJW978word
P979,johnbrown979@mail.com,passJB979word
P980,johnmiller980@mail.com,passJM980word
P981,charliedavis981@mail.com,passCD981word
P982,johnjones982@mail.com,passJJ982word
P983,bobwilliams983@mail.com,passBW983word
P984,johnjohnson984@mail.com,passJJ984word
P985,dianagarcia985@mail.com,passDG985word
P986,edwarddavis986@mail.com,passED986word
P987,alicebrown987@mail.com,passAB987word
P988,fionamiller988@mail.com,passFM988word
P989,bobdavis989@mail.com,passBD989word
P990,dianabrown990@mail.com,passDB990word
P991,edwardjones991@mail.com,passEJ991word
P992,charliesmith992@mail.com,passCS992word
P993,dianagarcia993@mail.com,passDG993word
P994,johnwilliams994@mail.com,passJW994word
P995,alicegarcia995@mail.com,passAG995word
P996,edwardwilliams996@mail.com,passEW996word
P997,bobdavis997@mail.com,passBD997word
P998,fionasmith998@mail.com,passFS998word
P999,edwardmiller999@mail.com,passEM999word
P1000,johndavis1000@mail.com,passJD1000word