PassengerId,Street,City,State
P1,202 Maple St,Los Angeles,CA
P2,303 Cedar St,Los Angeles,CA
P3,202 Maple St,Los Angeles,CA
P4,123 Main St,Los Angeles,CA
P5,123 Main St,Los Angeles,CA
P6,505 Walnut St,Los Angeles,CA
P7,123 Main St,Los Angeles,CA
P8,404 Birch St,Los Angeles,CA
P9,303 Cedar St,Los Angeles,CA
P10,789 Oak St,Los Angeles,CA
P11,303 Cedar St,Los Angeles,CA
P12,101 Pine St,Los Angeles,CA
P13,789 Oak St,Los Angeles,CA
P14,404 Birch St,Los Angeles,CA
P15,101 Pine St,Los Angeles,CA
P16,789 Oak St,Los Angeles,CA
P17,505 Walnut St,Los Angeles,CA
P18,303 Cedar St,Los Angeles,CA
P19,123 Main St,Los Angeles,CA
P20,456 Elm St,Los Angeles,CA
P21,123 Main St,Los Angeles,CA
P22,202 Maple St,Los Angeles,CA
P23,303 Cedar St,Los Angeles,CA
P24,505 Walnut St,Los Angeles,CA
P25,123 Main St,Los Angeles,CA
P26,123 Main St,Los Angeles,CA
P27,303 Cedar St,Los Angeles,CA
P28,404 Birch St,Los Angeles,CA
P29,404 Birch St,Los Angeles,CA
P30,456 Elm St,Los Angeles,CA
P31,456 Elm St,Los Angeles,CA
P32,303 Cedar St,Los Angeles,CA
P33,303 Cedar St,Los Angeles,CA
P34,505 Walnut St,Los Angeles,CA
P35,789 Oak St,Los Angeles,CA
P36,123 Main St,Los Angeles,CA
P37,202 Maple St,Los Angeles,CA
P38,202 Maple St,Los Angeles,CA
P39,303 Cedar St,Los Angeles,CA
P40,456 Elm St,Los Angeles,CA
P41,202 Maple St,Los Angeles,CA
P42,303 Cedar St,Los Angeles,CA
P43,404 Birch St,Los Angeles,CA
P44,789 Oak St,Los Angeles,CA
P45,404 Birch St,Los Angeles,CA
P46,404 Birch St,Los Angeles,CA
P47,456 Elm St,Los Angeles,CA
P48,101 Pine St,Los Angeles,CA
P49,123 Main St,Los Angeles,CA
P50,404 Birch St,Los Angeles,CA
P51,123 Main St,Los Angeles,CA
P52,202 Maple St,Los Angeles,CA
P53,404 Birch St,Los Angeles,CA
P54,505 Walnut St,Los Angeles,CA
P55,404 Birch St,Los Angeles,CA
P56,456 Elm St,Los Angeles,CA
P57,456 Elm St,Los Angeles,CA
P58,505 Walnut St,Los Angeles,CA
P59,123 Main St,Los Angeles,CA
P60,404 Birch St,Los Angeles,CA
P61,456 Elm St,Los Angeles,CA
P62,123 Main St,Los Angeles,CA
P63,505 Walnut St,Los Angeles,CA
P64,456 Elm St,Los Angeles,CA
P65,456 Elm St,Los Angeles,CA
P66,202 Maple St,Los Angeles,CA
P67,202 Maple St,Los Angeles,CA
P68,101 Pine St,Los Angeles,CA
P69,505 Walnut St,Los Angeles,CA
P70,202 Maple St,Los Angeles,CA
P71,303 Cedar St,Los Angeles,CA
P72,101 Pine St,Los Angeles,CA
P73,202 Maple St,Los Angeles,CA
P74,789 Oak St,Los Angeles,CA
P75,202 Maple St,Los Angeles,CA
P76,404 Birch St,Los Angeles,CA
P77,789 Oak St,Los Angeles,CA
P78,123 Main St,Los Angeles,CA
P79,303 Cedar St,Los Angeles,CA
P80,789 Oak St,Los Angeles,CA
P81,789 Oak St,Los Angeles,CA
P82,404 Birch St,Los Angeles,CA
P83,505 Walnut St,Los Angeles,CA
P84,789 Oak St,Los Angeles,CA
P85,101 Pine St,Los Angeles,CA
P86,202 Maple St,Los Angeles,CA
P87,101 Pine St,Los Angeles,CA
P88,505 Walnut St,Los Angeles,CA
P89,404 Birch St,Los Angeles,CA
P90,101 Pine St,Los Angeles,CA
P91,456 Elm St,Los Angeles,CA
P92,404 Birch St,Los Angeles,CA
P93,123 Main St,Los Angeles,CA
P94,404 Birch St,Los Angeles,CA
P95,456 Elm St,Los Angeles,CA
P96,123 Main St,Los Angeles,CA
P97,123 Main St,Los Angeles,CA
P98,404 Birch St,Los Angeles,CA
P99,101 Pine St,Los Angeles,CA
P100,456 Elm St,Los Angeles,CA
P101,404 Birch St,Los Angeles,CA
P102,303 Cedar St,Los Angeles,CA
P103,505 Walnut St,Los Angeles,CA
P104,101 Pine St,Los Angeles,CA
P105,123 Main St,Los Angeles,CA
P106,101 Pine St,Los Angeles,CA
P107,789 Oak St,Los Angeles,CA
P108,456 Elm St,Los Angeles,CA
P109,505 Walnut St,Los Angeles,CA
P110,789 Oak St,Los Angeles,CA
P111,505 Walnut St,Los Angeles,CA
P112,456 Elm St,Los Angeles,CA
P113,505 Walnut St,Los Angeles,CA
P114,505 Walnut St,Los Angeles,CA
P115,505 Walnut St,Los Angeles,CA
P116,404 Birch St,Los Angeles,CA
P117,123 Main St,Los Angeles,CA
P118,101 Pine St,Los Angeles,CA
P119,123 Main St,Los Angeles,CA
P120,404 Birch St,Los Angeles,CA
P121,789 Oak St,Los Angeles,CA
P122,101 Pine St,Los Angeles,CA
P123,505 Walnut St,Los Angeles,CA
P124,789 Oak St,Los Angeles,CA
P125,303 Cedar St,Los Angeles,CA
P126,789 Oak St,Los Angeles,CA
P127,505 Walnut St,Los Angeles,CA
P128,505 Walnut St,Los Angeles,CA
P129,303 Cedar St,Los Angeles,CA
P130,123 Main St,Los Angeles,CA
P131,789 Oak St,Los Angeles,CA
P132,789 Oak St,Los Angeles,CA
P133,789 Oak St,Los Angeles,CA
P134,404 Birch St,Los Angeles,CA
P135,101 Pine St,Los Angeles,CA
P136,404 Birch St,Los Angeles,CA
P137,303 Cedar St,Los Angeles,CA
P138,101 Pine St,Los Angeles,CA
P139,505 Walnut St,Los Angeles,CA
P140,303 Cedar St,Los Angeles,CA
P141,505 Walnut St,Los Angeles,CA
P142,303 Cedar St,Los Angeles,CA
P143,789 Oak St,Los Angeles,CA
P144,505 Walnut St,Los Angeles,CA
P145,505 Walnut St,Los Angeles,CA
P146,303 Cedar St,Los Angeles,CA
P147,404 Birch St,Los Angeles,CA
P148,404 Birch St,Los Angeles,CA
P149,505 Walnut St,Los Angeles,CA
P150,456 Elm St,Los Angeles,CA
P151,456 Elm St,Los Angeles,CA
P152,202 Maple St,Los Angeles,CA
P153,404 Birch St,Los Angeles,CA
P154,456 Elm St,Los Angeles,CA
P155,123 Main St,Los Angeles,CA
P156,456 Elm St,Los Angeles,CA
P157,303 Cedar St,Los Angeles,CA
P158,404 Birch St,Los Angeles,CA
P159,202 Maple St,Los Angeles,CA
P160,101 Pine St,Los Angeles,CA
P161,303 Cedar St,Los Angeles,CA
P162,789 Oak St,Los Angeles,CA
P163,303 Cedar St,Los Angeles,CA
P164,404 Birch St,Los Angeles,CA
P165,202 Maple St,Los Angeles,CA
P166,404 Birch St,Los Angeles,CA
P167,456 Elm St,Los Angeles,CA
P168,303 Cedar St,Los Angeles,CA
P169,123 Main St,Los Angeles,CA
P170,123 Main St,Los Angeles,CA
P171,202 Maple St,Los Angeles,CA
P172,404 Birch St,Los Angeles,CA
P173,123 Main St,Los Angeles,CA
P174,789 Oak St,Los Angeles,CA
P175,505 Walnut St,Los Angeles,CA
P176,505 Walnut St,Los Angeles,CA
P177,123 Main St,Los Angeles,CA
P178,505 Walnut St,Los Angeles,CA
P179,456 Elm St,Los Angeles,CA
P180,123 Main St,Los Angeles,CA
P181,789 Oak St,Los Angeles,CA
P182,505 Walnut St,Los Angeles,CA
P183,202 Maple St,Los Angeles,CA
P184,123 Main St,Los Angeles,CA
P185,123 Main St,Los Angeles,CA
P186,789 Oak St,Los Angeles,CA
P187,101 Pine St,Los Angeles,CA
P188,202 Maple St,Los Angeles,CA
P189,123 Main St,Los Angeles,CA
P190,789 Oak St,Los Angeles,CA
P191,456 Elm St,Los Angeles,CA
P192,101 Pine St,Los Angeles,CA
P193,202 Maple St,Los Angeles,CA
P194,505 Walnut St,Los Angeles,CA
P195,101 Pine St,Los Angeles,CA
P196,505 Walnut St,Los Angeles,CA
P197,404 Birch St,Los Angeles,CA
P198,505 Walnut St,Los Angeles,CA
P199,303 Cedar St,Los Angeles,CA
P200,101 Pine St,Los Angeles,CA
P201,505 Walnut St,Los Angeles,CA
P202,789 Oak St,Los Angeles,CA
P203,101 Pine St,Los Angeles,CA
P204,456 Elm St,Los Angeles,CA
P205,303 Cedar St,Los Angeles,CA
P206,789 Oak St,Los Angeles,CA
P207,789 Oak St,Los Angeles,CA
P208,123 Main St,Los Angeles,CA
P209,101 Pine St,Los Angeles,CA
P210,456 Elm St,Los Angeles,CA
P211,789 Oak St,Los Angeles,CA
P212,404 Birch St,Los Angeles,CA
P213,456 Elm St,Los Angeles,CA
P214,101 Pine St,Los Angeles,CA
P215,505 Walnut St,Los Angeles,CA
P216,303 Cedar St,Los Angeles,CA
P217,789 Oak St,Los Angeles,CA
P218,456 Elm St,Los Angeles,CA
P219,789 Oak St,Los Angeles,CA
P220,789 Oak St,Los Angeles,CA
P221,303 Cedar St,Los Angeles,CA
P222,101 Pine St,Los Angeles,CA
P223,303 Cedar St,Los Angeles,CA
P224,303 Cedar St,Los Angeles,CA
P225,404 Birch St,Los Angeles,CA
P226,303 Cedar St,Los Angeles,CA
P227,101 Pine St,Los Angeles,CA
P228,123 Main St,Los Angeles,CA
P229,404 Birch St,Los Angeles,CA
P230,505 Walnut St,Los Angeles,CA
P231,101 Pine St,Los Angeles,CA
P232,303 Cedar St,Los Angeles,CA
P233,123 Main St,Los Angeles,CA
P234,202 Maple St,Los Angeles,CA
P235,505 Walnut St,Los Angeles,CA
P236,505 Walnut St,Los Angeles,CA
P237,123 Main St,Los Angeles,CA
P238,123 Main St,Los Angeles,CA
P239,123 Main St,Los Angeles,CA
P240,505 Walnut St,Los Angeles,CA
P241,789 Oak St,Los Angeles,CA
P242,456 Elm St,Los Angeles,CA
P243,789 Oak St,Los Angeles,CA
P244,202 Maple St,Los Angeles,CA
P245,101 Pine St,Los Angeles,CA
P246,789 Oak St,Los Angeles,CA
P247,101 Pine St,Los Angeles,CA
P248,404 Birch St,Los Angeles,CA
P249,123 Main St,Los Angeles,CA
P250,789 Oak St,Los Angeles,CA
P251,101 Pine St,Los Angeles,CA
P252,123 Main St,Los Angeles,CA
P253,456 Elm St,Los Angeles,CA
P254,505 Walnut St,Los Angeles,CA
P255,123 Main St,Los Angeles,CA
P256,202 Maple St,Los Angeles,CA
P257,505 Walnut St,Los Angeles,CA
P258,456 Elm St,Los Angeles,CA
P259,202 Maple St,Los Angeles,CA
P260,505 Walnut St,Los Angeles,CA
P261,202 Maple St,Los Angeles,CA
P262,456 Elm St,Los Angeles,CA
P263,202 Maple St,Los Angeles,CA
P264,202 Maple St,Los Angeles,CA
P265,456 Elm St,Los Angeles,CA
P266,303 Cedar St,Los Angeles,CA
P267,303 Cedar St,Los Angeles,CA
P268,303 Cedar St,Los Angeles,CA
P269,123 Main St,Los Angeles,CA
P270,456 Elm St,Los Angeles,CA
P271,303 Cedar St,Los Angeles,CA
P272,202 Maple St,Los Angeles,CA
P273,123 Main St,Los Angeles,CA
P274,505 Walnut St,Los Angeles,CA
P275,202 Maple St,Los Angeles,CA
P276,202 Maple St,Los Angeles,CA
P277,789 Oak St,Los Angeles,CA
P278,303 Cedar St,Los Angeles,CA
P279,123 Main St,Los Angeles,CA
P280,202 Maple St,Los Angeles,CA
P281,101 Pine St,Los Angeles,CA
P282,456 Elm St,Los Angeles,CA
P283,202 Maple St,Los Angeles,CA
P284,202 Maple St,Los Angeles,CA
P285,789 Oak St,Los Angeles,CA
P286,123 Main St,Los Angeles,CA
P287,789 Oak St,Los Angeles,CA
P288,101 Pine St,Los Angeles,CA
P289,202 Maple St,Los Angeles,CA
P290,505 Walnut St,Los Angeles,CA
P291,123 Main St,Los Angeles,CA
P292,404 Birch St,Los Angeles,CA
P293,456 Elm St,Los Angeles,CA
P294,101 Pine St,Los Angeles,CA
P295,101 Pine St,Los Angeles,CA
P296,202 Maple St,Los Angeles,CA
P297,123 Main St,Los Angeles,CA
P298,456 Elm St,Los Angeles,CA
P299,202 Maple St,Los Angeles,CA
P300,123 Main St,Los Angeles,CA
P301,101 Pine St,Los Angeles,CA
P302,404 Birch St,Los Angeles,CA
P303,303 Cedar St,Los Angeles,CA
P304,123 Main St,Los Angeles,CA
P305,303 Cedar St,Los Angeles,CA
P306,404 Birch St,Los Angeles,CA
P307,202 Maple St,Los Angeles,CA
P308,101 Pine St,Los Angeles,CA
P309,303 Cedar St,Los Angeles,CA
P310,101 Pine St,Los Angeles,CA
P311,456 Elm St,Los Angeles,CA
P312,456 Elm St,Los Angeles,CA
P313,404 Birch St,Los Angeles,CA
P314,123 Main St,Los Angeles,CA
P315,303 Cedar St,Los Angeles,CA
P316,303 Cedar St,Los Angeles,CA
P317,456 Elm St,Los Angeles,CA
P318,789 Oak St,Los Angeles,CA
P319,456 Elm St,Los Angeles,CA
P320,789 Oak St,Los Angeles,CA
P321,303 Cedar St,Los Angeles,CA
P322,303 Cedar St,Los Angeles,CA
P323,202 Maple St,Los Angeles,CA
P324,789 Oak St,Los Angeles,CA
P325,404 Birch St,Los Angeles,CA
P326,101 Pine St,Los Angeles,CA
P327,456 Elm St,Los Angeles,CA
P328,456 Elm St,Los Angeles,CA
P329,303 Cedar St,Los Angeles,CA
P330,202 Maple St,Los Angeles,CA
P331,202 Maple St,Los Angeles,CA
P332,404 Birch St,Los Angeles,CA
P333,404 Birch St,Los Angeles,CA
P334,202 Maple St,Los Angeles,CA
P335,123 Main St,Los Angeles,CA
P336,789 Oak St,Los Angeles,CA
P337,505 Walnut St,Los Angeles,CA
P338,404 Birch St,Los Angeles,CA
P339,202 Maple St,Los Angeles,CA
P340,123 Main St,Los Angeles,CA
P341,123 Main St,Los Angeles,CA
P342,202 Maple St,Los Angeles,CA
P343,303 Cedar St,Los Angeles,CA
P344,789 Oak St,Los Angeles,CA
P345,202 Maple St,Los Angeles,CA
P346,202 Maple St,Los Angeles,CA
P347,789 Oak St,Los Angeles,CA
P348,505 Walnut St,Los Angeles,CA
P349,456 Elm St,Los Angeles,CA
P350,202 Maple St,Los Angeles,CA
P351,303 Cedar St,Los Angeles,CA
P352,101 Pine St,Los Angeles,CA
P353,123 Main St,Los Angeles,CA
P354,505 Walnut St,Los Angeles,CA
P355,101 Pine St,Los Angeles,CA
P356,505 Walnut St,Los Angeles,CA
P357,303 Cedar St,Los Angeles,CA
P358,505 Walnut St,Los Angeles,CA
P359,202 Maple St,Los Angeles,CA
P360,101 Pine St,Los Angeles,CA
P361,505 Walnut St,Los Angeles,CA
P362,202 Maple St,Los Angeles,CA
P363,789 Oak St,Los Angeles,CA
P364,789 Oak St,Los Angeles,CA
P365,456 Elm St,Los Angeles,CA
P366,505 Walnut St,Los Angeles,CA
P367,202 Maple St,Los Angeles,CA
P368,303 Cedar St,Los Angeles,CA
P369,101 Pine St,Los Angeles,CA
P370,123 Main St,Los Angeles,CA
P371,789 Oak St,Los Angeles,CA
P372,456 Elm St,Los Angeles,CA
P373,202 Maple St,Los Angeles,CA
P374,202 Maple St,Los Angeles,CA
P375,101 Pine St,Los Angeles,CA
P376,789 Oak St,Los Angeles,CA
P377,303 Cedar St,Los Angeles,CA
P378,456 Elm St,Los Angeles,CA
P379,789 Oak St,Los Angeles,CA
P380,505 Walnut St,Los Angeles,CA
P381,303 Cedar St,Los Angeles,CA
P382,123 Main St,Los Angeles,CA
P383,303 Cedar St,Los Angeles,CA
P384,202 Maple St,Los Angeles,CA
P385,123 Main St,Los Angeles,CA
P386,404 Birch St,Los Angeles,CA
P387,505 Walnut St,Los Angeles,CA
P388,202 Maple St,Los Angeles,CA
P389,404 Birch St,Los Angeles,CA
P390,456 Elm St,Los Angeles,CA
P391,456 Elm St,Los Angeles,CA
P392,123 Main St,Los Angeles,CA
P393,303 Cedar St,Los Angeles,CA
P394,404 Birch St,Los Angeles,CA
P395,789 Oak St,Los Angeles,CA
P396,303 Cedar St,Los Angeles,CA
P397,456 Elm St,Los Angeles,CA
P398,202 Maple St,Los Angeles,CA
P399,789 Oak St,Los Angeles,CA
P400,789 Oak St,Los Angeles,CA
P401,456 Elm St,Los Angeles,CA
P402,101 Pine St,Los Angeles,CA
P403,456 Elm St,Los Angeles,CA
P404,303 Cedar St,Los Angeles,CA
P405,123 Main St,Los Angeles,CA
P406,101 Pine St,Los Angeles,CA
P407,123 Main St,Los Angeles,CA
P408,505 Walnut St,Los Angeles,CA
P409,404 Birch St,Los Angeles,CA
P410,101 Pine St,Los Angeles,CA
P411,456 Elm St,Los Angeles,CA
P412,101 Pine St,Los Angeles,CA
P413,404 Birch St,Los Angeles,CA
P414,789 Oak St,Los Angeles,CA
P415,404 Birch St,Los Angeles,CA
P416,202 Maple St,Los Angeles,CA
P417,123 Main St,Los Angeles,CA
P418,101 Pine St,Los Angeles,CA
P419,404 Birch St,Los Angeles,CA
P420,101 Pine St,Los Angeles,CA
P421,789 Oak St,Los Angeles,CA
P422,101 Pine St,Los Angeles,CA
P423,202 Maple St,Los Angeles,CA
P424,789 Oak St,Los Angeles,CA
P425,456 Elm St,Los Angeles,CA
P426,505 Walnut St,Los Angeles,CA
P427,123 Main St,Los Angeles,CA
P428,789 Oak St,Los Angeles,CA
P429,123 Main St,Los Angeles,CA
P430,303 Cedar St,Los Angeles,CA
P431,404 Birch St,Los Angeles,CA
P432,789 Oak St,Los Angeles,CA
P433,789 Oak St,Los Angeles,CA
P434,202 Maple St,Los Angeles,CA
P435,789 Oak St,Los Angeles,CA
P436,303 Cedar St,Los Angeles,CA
P437,101 Pine St,Los Angeles,CA
P438,404 Birch St,Los Angeles,CA
P439,456 Elm St,Los Angeles,CA
P440,789 Oak St,Los Angeles,CA
P441,202 Maple St,Los Angeles,CA
P442,456 Elm St,Los Angeles,CA
P443,404 Birch St,Los Angeles,CA
P444,303 Cedar St,Los Angeles,CA
P445,303 Cedar St,Los Angeles,CA
P446,789 Oak St,Los Angeles,CA
P447,202 Maple St,Los Angeles,CA
P448,404 Birch St,Los Angeles,CA
P449,456 Elm St,Los Angeles,CA
P450,303 Cedar St,Los Angeles,CA
P451,505 Walnut St,Los Angeles,CA
P452,456 Elm St,Los Angeles,CA
P453,789 Oak St,Los Angeles,CA
P454,404 Birch St,Los Angeles,CA
P455,456 Elm St,Los Angeles,CA
P456,505 Walnut St,Los Angeles,CA
P457,123 Main St,Los Angeles,CA
P458,505 Walnut St,Los Angeles,CA
P459,303 Cedar St,Los Angeles,CA
P460,505 Walnut St,Los Angeles,CA
P461,202 Maple St,Los Angeles,CA
P462,789 Oak St,Los Angeles,CA
P463,456 Elm St,Los Angeles,CA
P464,505 Walnut St,Los Angeles,CA
P465,404 Birch St,Los Angeles,CA
P466,456 Elm St,Los Angeles,CA
P467,123 Main St,Los Angeles,CA
P468,789 Oak St,Los Angeles,CA
P469,505 Walnut St,Los Angeles,CA
P470,456 Elm St,Los Angeles,CA
P471,456 Elm St,Los Angeles,CA
P472,202 Maple St,Los Angeles,CA
P473,789 Oak St,Los Angeles,CA
P474,202 Maple St,Los Angeles,CA
P475,505 Walnut St,Los Angeles,CA
P476,101 Pine St,Los Angeles,CA
P477,123 Main St,Los Angeles,CA
P478,456 Elm St,Los Angeles,CA
P479,101 Pine St,Los Angeles,CA
P480,202 Maple St,Los Angeles,CA
P481,101 Pine St,Los Angeles,CA
P482,404 Birch St,Los Angeles,CA
P483,456 Elm St,Los Angeles,CA
P484,101 Pine St,Los Angeles,CA
P485,505 Walnut St,Los Angeles,CA
P486,505 Walnut St,Los Angeles,CA
P487,303 Cedar St,Los Angeles,CA
P488,505 Walnut St,Los Angeles,CA
P489,456 Elm St,Los Angeles,CA
P490,404 Birch St,Los Angeles,CA
P491,789 Oak St,Los Angeles,CA
P492,789 Oak St,Los Angeles,CA
P493,456 Elm St,Los Angeles,CA
P494,101 Pine St,Los Angeles,CA
P495,505 Walnut St,Los Angeles,CA
P496,101 Pine St,Los Angeles,CA
P497,123 Main St,Los Angeles,CA
P498,404 Birch St,Los Angeles,CA
P499,404 Birch St,Los Angeles,CA
P500,101 Pine St,Los Angeles,CA
P501,456 Elm St,Los Angeles,CA
P502,202 Maple St,Los Angeles,CA
P503,303 Cedar St,Los Angeles,CA
P504,789 Oak St,Los Angeles,CA
P505,404 Birch St,Los Angeles,CA
P506,456 Elm St,Los Angeles,CA
P507,505 Walnut St,Los Angeles,CA
P508,456 Elm St,Los Angeles,CA
P509,789 Oak St,Los Angeles,CA
P510,101 Pine St,Los Angeles,CA
P511,456 Elm St,Los Angeles,CA
P512,101 Pine St,Los Angeles,CA
P513,456 Elm St,Los Angeles,CA
P514,123 Main St,Los Angeles,CA
P515,303 Cedar St,Los Angeles,CA
P516,456 Elm St,Los Angeles,CA
P517,303 Cedar St,Los Angeles,CA
P518,404 Birch St,Los Angeles,CA
P519,789 Oak St,Los Angeles,CA
P520,202 Maple St,Los Angeles,CA
P521,101 Pine St,Los Angeles,CA
P522,101 Pine St,Los Angeles,CA
P523,202 Maple St,Los Angeles,CA
P524,101 Pine St,Los Angeles,CA
P525,404 Birch St,Los Angeles,CA
P526,123 Main St,Los Angeles,CA
P527,404 Birch St,Los Angeles,CA
P528,123 Main St,Los Angeles,CA
P529,505 Walnut St,Los Angeles,CA
P530,303 Cedar St,Los Angeles,CA
P531,505 Walnut St,Los Angeles,CA
P532,202 Maple St,Los Angeles,CA
P533,505 Walnut St,Los Angeles,CA
P534,789 Oak St,Los Angeles,CA
P535,456 Elm St,Los Angeles,CA
P536,456 Elm St,Los Angeles,CA
P537,404 Birch St,Los Angeles,CA
P538,101 Pine St,Los Angeles,CA
P539,404 Birch St,Los Angeles,CA
P540,404 Birch St,Los Angeles,CA
P541,303 Cedar St,Los Angeles,CA
P542,123 Main St,Los Angeles,CA
P543,101 Pine St,Los Angeles,CA
P544,505 Walnut St,Los Angeles,CA
P545,789 Oak St,Los Angeles,CA
P546,789 Oak St,Los Angeles,CA
P547,123 Main St,Los Angeles,CA
P548,101 Pine St,Los Angeles,CA
P549,456 Elm St,Los Angeles,CA
P550,404 Birch St,Los Angeles,CA
P551,303 Cedar St,Los Angeles,CA
P552,202 Maple St,Los Angeles,CA
P553,789 Oak St,Los Angeles,CA
P554,101 Pine St,Los Angeles,CA
P555,101 Pine St,Los Angeles,CA
P556,202 Maple St,Los Angeles,CA
P557,303 Cedar St,Los Angeles,CA
P558,123 Main St,Los Angeles,CA
P559,505 Walnut St,Los Angeles,CA
P560,101 Pine St,Los Angeles,CA
P561,404 Birch St,Los Angeles,CA
P562,404 Birch St,Los Angeles,CA
P563,505 Walnut St,Los Angeles,CA
P564,202 Maple St,Los Angeles,CA
P565,505 Walnut St,Los Angeles,CA
P566,202 Maple St,Los Angeles,CA
P567,789 Oak St,Los Angeles,CA
P568,404 Birch St,Los Angeles,CA
P569,123 Main St,Los Angeles,CA
P570,505 Walnut St,Los Angeles,CA
P571,123 Main St,Los Angeles,CA
P572,123 Main St,Los Angeles,CA
P573,404 Birch St,Los Angeles,CA
P574,505 Walnut St,Los Angeles,CA
P575,202 Maple St,Los Angeles,CA
P576,123 Main St,Los Angeles,CA
P577,456 Elm St,Los Angeles,CA
P578,101 Pine St,Los Angeles,CA
P579,404 Birch St,Los Angeles,CA
P580,505 Walnut St,Los Angeles,CA
P581,505 Walnut St,Los Angeles,CA
P582,505 Walnut St,Los Angeles,CA
P583,456 Elm St,Los Angeles,CA
P584,123 Main St,Los Angeles,CA
P585,101 Pine St,Los Angeles,CA
P586,456 Elm St,Los Angeles,CA
P587,456 Elm St,Los Angeles,CA
P588,404 Birch St,Los Angeles,CA
P589,505 Walnut St,Los Angeles,CA
P590,404 Birch St,Los Angeles,CA
P591,101 Pine St,Los Angeles,CA
P592,123 Main St,Los Angeles,CA
P593,404 Birch St,Los Angeles,CA
P594,456 Elm St,Los Angeles,CA
P595,456 Elm St,Los Angeles,CA
P596,303 Cedar St,Los Angeles,CA
P597,789 Oak St,Los Angeles,CA
P598,101 Pine St,Los Angeles,CA
P599,303 Cedar St,Los Angeles,CA
P600,456 Elm St,Los Angeles,CA
P601,303 Cedar St,Los Angeles,CA
P602,505 Walnut St,Los Angeles,CA
P603,101 Pine St,Los Angeles,CA
P604,101 Pine St,Los Angeles,CA
P605,505 Walnut St,Los Angeles,CA
P606,456 Elm St,Los Angeles,CA
P607,303 Cedar St,Los Angeles,CA
P608,789 Oak St,Los Angeles,CA
P609,101 Pine St,Los Angeles,CA
P610,404 Birch St,Los Angeles,CA
P611,101 Pine St,Los Angeles,CA
P612,202 Maple St,Los Angeles,CA
P613,505 Walnut St,Los Angeles,CA
P614,456 Elm St,Los Angeles,CA
P615,404 Birch St,Los Angeles,CA
P616,456 Elm St,Los Angeles,CA
P617,505 Walnut St,Los Angeles,CA
P618,101 Pine St,Los Angeles,CA
P619,101 Pine St,Los Angeles,CA
P620,505 Walnut St,Los Angeles,CA
P621,505 Walnut St,Los Angeles,CA
P622,404 Birch St,Los Angeles,CA
P623,456 Elm St,Los Angeles,CA
P624,789 Oak St,Los Angeles,CA
P625,456 Elm St,Los Angeles,CA
P626,101 Pine St,Los Angeles,CA
P627,505 Walnut St,Los Angeles,CA
P628,505 Walnut St,Los Angeles,CA
P629,456 Elm St,Los Angeles,CA
P630,505 Walnut St,Los Angeles,CA
P631,303 Cedar St,Los Angeles,CA
P632,505 Walnut St,Los Angeles,CA
P633,202 Maple St,Los Angeles,CA
P634,404 Birch St,Los Angeles,CA
P635,202 Maple St,Los Angeles,CA
P636,123 Main St,Los Angeles,CA
P637,505 Walnut St,Los Angeles,CA
P638,505 Walnut St,Los Angeles,CA
P639,303 Cedar St,Los Angeles,CA
P640,404 Birch St,Los Angeles,CA
P641,202 Maple St,Los Angeles,CA
P642,456 Elm St,Los Angeles,CA
P643,505 Walnut St,Los Angeles,CA
P644,456 Elm St,Los Angeles,CA
P645,456 Elm St,Los Angeles,CA
P646,123 Main St,Los Angeles,CA
P647,789 Oak St,Los Angeles,CA
P648,789 Oak St,Los Angeles,CA
P649,202 Maple St,Los Angeles,CA
P650,505 Walnut St,Los Angeles,CA
P651,303 Cedar St,Los Angeles,CA
P652,303 Cedar St,Los Angeles,CA
P653,505 Walnut St,Los Angeles,CA
P654,505 Walnut St,Los Angeles,CA
P655,303 Cedar St,Los Angeles,CA
P656,303 Cedar St,Los Angeles,CA
P657,202 Maple St,Los Angeles,CA
P658,505 Walnut St,Los Angeles,CA
P659,123 Main St,Los Angeles,CA
P660,101 Pine St,Los Angeles,CA
P661,789 Oak St,Los Angeles,CA
P662,123 Main St,Los Angeles,CA
P663,101 Pine St,Los Angeles,CA
P664,789 Oak St,Los Angeles,CA
P665,202 Maple St,Los Angeles,CA
P666,101 Pine St,Los Angeles,CA
P667,404 Birch St,Los Angeles,CA
P668,789 Oak St,Los Angeles,CA
P669,202 Maple St,Los Angeles,CA
P670,303 Cedar St,Los Angeles,CA
P671,789 Oak St,Los Angeles,CA
P672,505 Walnut St,Los Angeles,CA
P673,789 Oak St,Los Angeles,CA
P674,123 Main St,Los Angeles,CA
P675,123 Main St,Los Angeles,CA
P676,505 Walnut St,Los Angeles,CA
P677,789 Oak St,Los Angeles,CA
P678,123 Main St,Los Angeles,CA
P679,123 Main St,Los Angeles,CA
P680,404 Birch St,Los Angeles,CA
P681,404 Birch St,Los Angeles,CA
P682,123 Main St,Los Angeles,CA
P683,123 Main St,Los Angeles,CA
P684,456 Elm St,Los Angeles,CA
P685,789 Oak St,Los Angeles,CA
P686,404 Birch St,Los Angeles,CA
P687,101 Pine St,Los Angeles,CA
P688,202 Maple St,Los Angeles,CA
P689,101 Pine St,Los Angeles,CA
P690,505 Walnut St,Los Angeles,CA
P691,789 Oak St,Los Angeles,CA
P692,202 Maple St,Los Angeles,CA
P693,303 Cedar St,Los Angeles,CA
P694,123 Main St,Los Angeles,CA
P695,101 Pine St,Los Angeles,CA
P696,404 Birch St,Los Angeles,CA
P697,789 Oak St,Los Angeles,CA
P698,303 Cedar St,Los Angeles,CA
P699,123 Main St,Los Angeles,CA
P700,505 Walnut St,Los Angeles,CA
P701,404 Birch St,Los Angeles,CA
P702,789 Oak St,Los Angeles,CA
P703,101 Pine St,Los Angeles,CA
P704,202 Maple St,Los Angeles,CA
P705,789 Oak St,Los Angeles,CA
P706,202 Maple St,Los Angeles,CA
P707,789 Oak St,Los Angeles,CA
P708,303 Cedar St,Los Angeles,CA
P709,789 Oak St,Los Angeles,CA
P710,404 Birch St,Los Angeles,CA
P711,123 Main St,Los Angeles,CA
P712,456 Elm St,Los Angeles,CA
P713,404 Birch St,Los Angeles,CA
P714,101 Pine St,Los Angeles,CA
P715,456 Elm St,Los Angeles,CA
P716,202 Maple St,Los Angeles,CA
P717,303 Cedar St,Los Angeles,CA
P718,404 Birch St,Los Angeles,CA
P719,123 Main St,Los Angeles,CA
P720,404 Birch St,Los Angeles,CA
P721,202 Maple St,Los Angeles,CA
P722,456 Elm St,Los Angeles,CA
P723,123 Main St,Los Angeles,CA
P724,789 Oak St,Los Angeles,CA
P725,456 Elm St,Los Angeles,CA
P726,123 Main St,Los Angeles,CA
P727,101 Pine St,Los Angeles,CA
P728,505 Walnut St,Los Angeles,CA
P729,404 Birch St,Los Angeles,CA
P730,404 Birch St,Los Angeles,CA
P731,202 Maple St,Los Angeles,CA
P732,789 Oak St,Los Angeles,CA
P733,456 Elm St,Los Angeles,CA
P734,101 Pine St,Los Angeles,CA
P735,456 Elm St,Los Angeles,CA
P736,202 Maple St,Los Angeles,CA
P737,202 Maple St,Los Angeles,CA
P738,505 Walnut St,Los Angeles,CA
P739,202 Maple St,Los Angeles,CA
P740,404 Birch St,Los Angeles,CA
P741,505 Walnut St,Los Angeles,CA
P742,101 Pine St,Los Angeles,CA
P743,202 Maple St,Los Angeles,CA
P744,101 Pine St,Los Angeles,CA
P745,505 Walnut St,Los Angeles,CA
P746,789 Oak St,Los Angeles,CA
P747,101 Pine St,Los Angeles,CA
P748,505 Walnut St,Los Angeles,CA
P749,123 Main St,Los Angeles,CA
P750,123 Main St,Los Angeles,CA
P751,303 Cedar St,Los Angeles,CA
P752,404 Birch St,Los Angeles,CA
P753,101 Pine St,Los Angeles,CA
P754,101 Pine St,Los Angeles,CA
P755,303 Cedar St,Los Angeles,CA
P756,404 Birch St,Los Angeles,CA
P757,303 Cedar St,Los Angeles,CA
P758,456 Elm St,Los Angeles,CA
P759,202 Maple St,Los Angeles,CA
P760,505 Walnut St,Los Angeles,CA
P761,505 Walnut St,Los Angeles,CA
P762,456 Elm St,Los Angeles,CA
P763,404 Birch St,Los Angeles,CA
P764,123 Main St,Los Angeles,CA
P765,202 Maple St,Los Angeles,CA
P766,505 Walnut St,Los Angeles,CA
P767,456 Elm St,Los Angeles,CA
P768,123 Main St,Los Angeles,CA
P769,789 Oak St,Los Angeles,CA
P770,404 Birch St,Los Angeles,CA
P771,404 Birch St,Los Angeles,CA
P772,123 Main St,Los Angeles,CA
P773,404 Birch St,Los Angeles,CA
P774,505 Walnut St,Los Angeles,CA
P775,404 Birch St,Los Angeles,CA
P776,456 Elm St,Los Angeles,CA
P777,202 Maple St,Los Angeles,CA
P778,202 Maple St,Los Angeles,CA
P779,202 Maple St,Los Angeles,CA
P780,789 Oak St,Los Angeles,CA
P781,456 Elm St,Los Angeles,CA
P782,101 Pine St,Los Angeles,CA
P783,123 Main St,Los Angeles,CA
P784,789 Oak St,Los Angeles,CA
P785,505 Walnut St,Los Angeles,CA
P786,456 Elm St,Los Angeles,CA
P787,101 Pine St,Los Angeles,CA
P788,789 Oak St,Los Angeles,CA
P789,123 Main St,Los Angeles,CA
P790,404 Birch St,Los Angeles,CA
P791,303 Cedar St,Los Angeles,CA
P792,505 Walnut St,Los Angeles,CA
P793,123 Main St,Los Angeles,CA
P794,123 Main St,Los Angeles,CA
P795,789 Oak St,Los Angeles,CA
P796,404 Birch St,Los Angeles,CA
P797,789 Oak St,Los Angeles,CA
P798,303 Cedar St,Los Angeles,CA
P799,303 Cedar St,Los Angeles,CA
P800,303 Cedar St,Los Angeles,CA
P801,303 Cedar St,Los Angeles,CA
P802,202 Maple St,Los Angeles,CA
P803,202 Maple St,Los Angeles,CA
P804,202 Maple St,Los Angeles,CA
P805,303 Cedar St,Los Angeles,CA
P806,456 Elm St,Los Angeles,CA
P807,505 Walnut St,Los Angeles,CA
P808,456 Elm St,Los Angeles,CA
P809,202 Maple St,Los Angeles,CA
P810,101 Pine St,Los Angeles,CA
P811,505 Walnut St,Los Angeles,CA
P812,123 Main St,Los Angeles,CA
P813,456 Elm St,Los Angeles,CA
P814,202 Maple St,Los Angeles,CA
P815,202 Maple St,Los Angeles,CA
P816,202 Maple St,Los Angeles,CA
P817,789 Oak St,Los Angeles,CA
P818,123 Main St,Los Angeles,CA
P819,404 Birch St,Los Angeles,CA
P820,202 Maple St,Los Angeles,CA
P821,101 Pine St,Los Angeles,CA
P822,456 Elm St,Los Angeles,CA
P823,789 Oak St,Los Angeles,CA
P824,505 Walnut St,Los Angeles,CA
P825,789 Oak St,Los Angeles,CA
P826,303 Cedar St,Los Angeles,CA
P827,101 Pine St,Los Angeles,CA
P828,202 Maple St,Los Angeles,CA
P829,202 Maple St,Los Angeles,CA
P830,123 Main St,Los Angeles,CA
P831,404 Birch St,Los Angeles,CA
P832,101 Pine St,Los Angeles,CA
P833,505 Walnut St,Los Angeles,CA
P834,505 Walnut St,Los Angeles,CA
P835,202 Maple St,Los Angeles,CA
P836,505 Walnut St,Los Angeles,CA
P837,404 Birch St,Los Angeles,CA
P838,404 Birch St,Los Angeles,CA
P839,789 Oak St,Los Angeles,CA
P840,101 Pine St,Los Angeles,CA
P841,505 Walnut St,Los Angeles,CA
P842,505 Walnut St,Los Angeles,CA
P843,456 Elm St,Los Angeles,CA
P844,123 Main St,Los Angeles,CA
P845,123 Main St,Los Angeles,CA
P846,101 Pine St,Los Angeles,CA
P847,505 Walnut St,Los Angeles,CA
P848,123 Main St,Los Angeles,CA
P849,456 Elm St,Los Angeles,CA
P850,505 Walnut St,Los Angeles,CA
P851,101 Pine St,Los Angeles,CA
P852,456 Elm St,Los Angeles,CA
P853,505 Walnut St,Los Angeles,CA
P854,789 Oak St,Los Angeles,CA
P855,404 Birch St,Los Angeles,CA
P856,404 Birch St,Los Angeles,CA
P857,303 Cedar St,Los Angeles,CA
P858,789 Oak St,Los Angeles,CA
P859,404 Birch St,Los Angeles,CA
P860,101 Pine St,Los Angeles,CA
P861,303 Cedar St,Los Angeles,CA
P862,505 Walnut St,Los Angeles,CA
P863,789 Oak St,Los Angeles,CA
P864,404 Birch St,Los Angeles,CA
P865,505 Walnut St,Los Angeles,CA
P866,505 Walnut St,Los Angeles,CA
P867,123 Main St,Los Angeles,CA
P868,202 Maple St,Los Angeles,CA
P869,101 Pine St,Los Angeles,CA
P870,202 Maple St,Los Angeles,CA
P871,303 Cedar St,Los Angeles,CA
P872,123 Main St,Los Angeles,CA
P873,123 Main St,Los Angeles,CA
P874,202 Maple St,Los Angeles,CA
P875,789 Oak St,Los Angeles,CA
P876,789 Oak St,Los Angeles,CA
P877,123 Main St,Los Angeles,CA
P878,404 Birch St,Los Angeles,CA
P879,404 Birch St,Los Angeles,CA
P880,404 Birch St,Los Angeles,CA
P881,101 Pine St,Los Angeles,CA
P882,789 Oak St,Los Angeles,CA
P883,101 Pine St,Los Angeles,CA
P884,303 Cedar St,Los Angeles,CA
P885,505 Walnut St,Los Angeles,CA
P886,404 Birch St,Los Angeles,CA
P887,123 Main St,Los Angeles,CA
P888,505 Walnut St,Los Angeles,CA
P889,456 Elm St,Los Angeles,CA
P890,789 Oak St,Los Angeles,CA
P891,123 Main St,Los Angeles,CA
P892,404 Birch St,Los Angeles,CA
P893,303 Cedar St,Los Angeles,CA
P894,303 Cedar St,Los Angeles,CA
P895,101 Pine St,Los Angeles,CA
P896,456 Elm St,Los Angeles,CA
P897,789 Oak St,Los Angeles,CA
P898,202 Maple St,Los Angeles,CA
P899,789 Oak St,Los Angeles,CA
P900,123 Main St,Los Angeles,CA
P901,101 Pine St,Los Angeles,CA
P902,123 Main St,Los Angeles,CA
P903,404 Birch St,Los Angeles,CA
P904,456 Elm St,Los Angeles,CA
P905,404 Birch St,Los Angeles,CA
P906,404 Birch St,Los Angeles,CA
P907,789 Oak St,Los Angeles,CA
P908,789 Oak St,Los Angeles,CA
P909,456 Elm St,Los Angeles,CA
P910,303 Cedar St,Los Angeles,CA
P911,505 Walnut St,Los Angeles,CA
P912,789 Oak St,Los Angeles,CA
P913,303 Cedar St,Los Angeles,CA
P914,202 Maple St,Los Angeles,CA
P915,789 Oak St,Los Angeles,CA
P916,404 Birch St,Los Angeles,CA
P917,202 Maple St,Los Angeles,CA
P918,456 Elm St,Los Angeles,CA
P919,303 Cedar St,Los Angeles,CA
P920,123 Main St,Los Angeles,CA
P921,303 Cedar St,Los Angeles,CA
P922,303 Cedar St,Los Angeles,CA
P923,404 Birch St,Los Angeles,CA
P924,456 Elm St,Los Angeles,CA
P925,101 Pine St,Los Angeles,CA
P926,303 Cedar St,Los Angeles,CA
P927,101 Pine St,Los Angeles,CA
P928,123 Main St,Los Angeles,CA
P929,101 Pine St,Los Angeles,CA
P930,789 Oak St,Los Angeles,CA
P931,456 Elm St,Los Angeles,CA
P932,505 Walnut St,Los Angeles,CA
P933,456 Elm St,Los Angeles,CA
P934,303 Cedar St,Los Angeles,CA
P935,789 Oak St,Los Angeles,CA
P936,303 Cedar St,Los Angeles,CA
P937,123 Main St,Los Angeles,CA
P938,123 Main St,Los Angeles,CA
P939,202 Maple St,Los Angeles,CA
P940,101 Pine St,Los Angeles,CA
P941,404 Birch St,Los Angeles,CA
P942,202 Maple St,Los Angeles,CA
P943,202 Maple St,Los Angeles,CA
P944,202 Maple St,Los Angeles,CA
P945,123 Main St,Los Angeles,CA
P946,123 Main St,Los Angeles,CA
P947,789 Oak St,Los Angeles,CA
P948,789 Oak St,Los Angeles,CA
P949,101 Pine St,Los Angeles,CA
P950,789 Oak St,Los Angeles,CA
P951,505 Walnut St,Los Angeles,CA
P952,303 Cedar St,Los Angeles,CA
P953,505 Walnut St,Los Angeles,CA
P954,101 Pine St,Los Angeles,CA
P955,303 Cedar St,Los Angeles,CA
P956,456 Elm St,Los Angeles,CA
P957,505 Walnut St,Los Angeles,CA
P958,303 Cedar St,Los Angeles,CA
P959,303 Cedar St,Los Angeles,CA
P960,101 Pine St,Los Angeles,CA
P961,789 Oak St,Los Angeles,CA
P962,123 Main St,Los Angeles,CA
P963,789 Oak St,Los Angeles,CA
P964,789 Oak St,Los Angeles,CA
P965,303 Cedar St,Los Angeles,CA
P966,456 Elm St,Los Angeles,CA
P967,101 Pine St,Los Angeles,CA
P968,303 Cedar St,Los Angeles,CA
P969,789 Oak St,Los Angeles,CA
P970,789 Oak St,Los Angeles,CA
P971,303 Cedar St,Los Angeles,CA
P972,303 Cedar St,Los Angeles,CA
P973,303 Cedar St,Los Angeles,CA
P974,123 Main St,Los Angeles,CA
P975,789 Oak St,Los Angeles,CA
P976,101 Pine St,Los Angeles,CA
P977,123 Main St,Los Angeles,CA
P978,789 Oak St,Los Angeles,CA
P979,456 Elm St,Los Angeles,CA
P980,404 Birch St,Los Angeles,CA
P981,505 Walnut St,Los Angeles,CA
P982,505 Walnut St,Los Angeles,CA
P983,303 Cedar St,Los Angeles,CA
P984,202 Maple St,Los Angeles,CA
P985,505 Walnut St,Los Angeles,CA
P986,456 Elm St,Los Angeles,CA
P987,101 Pine St,Los Angeles,CA
P988,456 Elm St,Los Angeles,CA
P989,789 Oak St,Los Angeles,CA
P990,202 Maple St,Los Angeles,CA
P991,202 Maple St,Los Angeles,CA
P992,505 Walnut St,Los Angeles,CA
P993,101 Pine St,Los Angeles,CA
P994,303 Cedar St,Los Angeles,CA
P995,456 Elm St,Los Angeles,CA
P996,789 Oak St,Los Angeles,CA
P997,404 Birch St,Los Angeles,CA
P998,123 Main St,Los Angeles,CA
P999,303 Cedar St,Los Angeles,CA
P1000,101 Pine St,Los Angeles,CA